"content","name"
"bbbbb bbbbbbbbbbbbbbbbbbbbbbbbbbbbbbbbbbbbbb","Coupart"
"DD DDDD","Coupart"
"AA AAAA","Douffet"
"BB BBBB","Douffet"
"eeeee eeeeeeeeeeeeeeeeeeeeeeeeeeeeeeeeeeeeee","Douffet"
"ggggg gggggggggggggggggggggggggggggggggggggg","L'Hiver"
"ddddd dddddddddddddddddddddddddddddddddddddd","Lacroix"
"CC CCCC","Lacroix"
"fffff ffffffffffffffffffffffffffffffffffffff","Lafrenière"
"aaaaa aaaaaaaaaaaaaaaaaaaaaaaaaaaaaaaaaaaaaaa","Lafrenière"
"ccccc ccccccccccccccccccccccccccccccccccccbc","Lafrenière"
"iiiii iiiiiiiiiiiiiiiiiiiiiiiiiiiiiiiiiiiiii","Louis"
"hhhhh hhhhhhhhhhhhhhhhhhhhhhhhhhhhhhhhhhhhhh","Pitre"
